Job.Title,Classification_
IT Operations and Support Associate Technician,H
IT Operations and Support Technician,I
IT Operations and Support Senior Technician,J
IT Operations and Support Analyst I,K
IT Operations and Support Analyst II,L
IT Operations and Support Analyst III,M
IT Software Engineer Trainee,I
IT Software Engineer Associate,J
IT Software Engineer I,K
IT Software Engineer II,L
IT Software Engineer III,M
IT Software Engineer IV,N
GIS Associate,J
GIS Analyst I,K
GIS Analyst II,L
GIS Analyst III,M
IT Information Management Specialist I,I
IT Information Management Specialist II,K
IT Information Management Specialist III,L
IT Database Administration Analyst I,K
IT Database Administration Analyst II,L
IT Database Administration Analyst III,M
IT Database Administration Analyst IV,N
IT Infrastructure Engineer I,K
IT Infrastructure Engineer II,L
IT Infrastructure Engineer III,M
IT Infrastructure Engineer IV,N
IT Information Security Engineer I, L
IT Information Security Engineer II, M
IT Information Security Engineer III, N
IT Information Security Engineer IV, O
IT Architect I, L
IT Architect II, M
IT Architect III, N
IT Architect IV, O
IT Manager I, M
IT Manager II, N
IT Manager III, O
IT Manager IV, P
IT Manager V, Q
